phase,model,accuracy,f1_macro,samples,time_seconds
train,XLM_RoBERTa-HateSpeech-NoTraining,0.6973684210526315,0.5196107606721273,3952,1083.950769662857
val,XLM_RoBERTa-HateSpeech-NoTraining,0.6897163120567376,0.5296752519596865,564,161.34813714027405
test,XLM_RoBERTa-HateSpeech-NoTraining,0.7161803713527851,0.5479160362662363,1131,358.8200831413269
